,agent_count,Hare,Fox,Grass,FoxHabitat,HareHabitat,Vaccine
0,7038,14,4,7000,4,14,0
1,7084,14,4,7000,4,14,0
2,7247,14,4,7000,4,14,0
3,7551,14,4,7000,4,14,0
4,7956,14,4,7000,4,14,0
5,8455,14,4,7000,4,14,0
6,9071,14,4,6998,4,14,0
7,9765,14,4,6990,4,14,0
8,10548,14,4,6976,4,14,0
9,11418,14,4,6962,4,14,0
10,12440,14,4,7030,4,14,0
11,13092,14,4,7018,4,14,0
12,13792,14,4,7006,4,14,0
13,14501,14,4,6995,4,14,0
14,15236,14,4,6983,4,14,0
15,15975,14,4,6971,4,14,0
16,16745,14,4,6959,4,14,0
17,17494,14,4,6947,4,14,0
18,18192,14,4,6935,4,14,0
19,18876,14,4,6924,4,14,0
20,19292,14,4,6992,4,14,0
21,18532,14,4,6980,4,14,0
22,16975,14,4,6968,4,14,0
23,15181,14,4,6958,4,14,0
24,13854,14,4,6944,4,14,0
25,12953,14,4,6932,4,14,0
26,12658,14,4,6922,4,14,0
27,12197,14,4,6911,4,14,0
28,11801,14,4,6900,4,14,0
29,11385,13,4,6888,4,14,0
30,11056,13,4,6959,4,14,0
31,10730,13,4,6950,4,14,0
32,10611,13,4,6941,4,14,0
33,10575,13,4,6932,4,14,0
34,10467,13,4,6923,4,14,0
35,10538,13,4,6913,4,14,0
36,10562,13,4,6903,4,14,0
37,10430,13,4,6893,4,14,0
38,10547,13,4,6882,4,14,0
39,10643,13,4,6872,4,14,0
40,10714,13,4,6944,4,14,0
41,10782,12,4,6935,4,14,0
42,10919,12,4,6926,4,14,0
43,10986,12,4,6918,4,14,0
44,11138,12,4,6908,4,14,0
45,11291,12,4,6901,4,14,0
46,11255,11,4,6892,4,14,0
47,11281,11,4,6884,4,14,0
48,11333,11,4,6877,4,14,0
49,11412,11,4,6868,4,14,0
50,11476,11,4,6939,4,14,0
51,11439,11,4,6930,4,14,0
52,11723,11,4,6921,4,14,0
53,11990,11,4,6912,4,14,0
54,11864,11,4,6902,4,14,0
55,11690,11,4,6894,4,14,0
56,11378,11,4,6888,4,14,0
57,11080,11,4,6880,4,14,0
58,10905,11,4,6871,4,14,0
59,10936,11,4,6861,4,14,0
60,11056,11,4,6931,4,14,0
61,11120,11,4,6920,4,14,0
62,11135,11,4,6911,4,14,0
63,11135,11,4,6902,4,14,0
64,10927,11,4,6892,4,14,0
65,10935,11,4,6883,4,14,0
66,10829,11,4,6875,4,14,0
67,10782,11,4,6866,4,14,0
68,10796,11,4,6856,4,14,0
69,10664,11,4,6847,4,14,0
70,10885,10,4,6917,4,14,0
71,11014,10,4,6908,4,14,0
72,10901,10,4,6898,4,14,0
73,10783,10,4,6888,4,14,0
74,10718,10,4,6879,4,14,0
75,10701,10,4,6868,4,14,0
76,10681,10,4,6861,4,14,0
77,10665,10,4,6852,4,14,0
78,10539,10,4,6843,4,14,0
79,10518,10,4,6833,4,14,0
80,10738,10,4,6903,4,14,0
81,10939,10,4,6891,4,14,0
82,10928,10,4,6883,4,14,0
83,10996,10,4,6873,4,14,0
84,10734,10,4,6864,4,14,0
85,10753,10,4,6853,4,14,0
86,10869,10,4,6843,4,14,0
87,10811,10,4,6835,4,14,0
88,10934,10,4,6825,4,14,0
89,10994,10,4,6816,4,14,0
90,11135,10,4,6886,4,14,0
91,11349,10,4,6879,4,14,0
92,11333,10,4,6870,4,14,0
93,11059,10,4,6862,4,14,0
94,11093,10,4,6853,4,14,0
95,11212,10,4,6843,4,14,0
96,11122,10,4,6833,4,14,0
97,11190,9,4,6826,4,14,0
98,11012,9,4,6817,4,14,0
99,11081,9,4,6808,4,14,0
100,11109,9,4,6881,4,14,0
101,10935,9,4,6873,4,14,0
102,10764,9,4,6864,4,14,0
103,10869,9,4,6856,4,14,0
104,10943,9,4,6847,4,14,0
105,10892,9,4,6839,4,14,0
106,10906,9,4,6832,4,14,0
107,10841,9,4,6823,4,14,0
108,10801,9,4,6815,4,14,0
109,10864,8,4,6806,4,14,0
110,10950,8,4,6880,4,14,0
111,10920,8,4,6870,4,14,0
112,10795,8,4,6863,4,14,0
113,10646,8,4,6855,4,14,0
114,10528,8,4,6847,4,14,0
115,10587,8,4,6839,4,14,0
116,10630,8,4,6830,4,14,0
117,10531,8,4,6823,4,14,0
118,10495,8,4,6817,4,14,0
119,10581,8,4,6811,4,14,0
120,10567,8,4,6883,4,14,0
121,10698,8,4,6877,4,14,0
122,10734,8,4,6870,4,14,0
123,10869,8,4,6865,4,14,0
124,10879,8,4,6857,4,14,0
125,10747,7,4,6852,4,14,0
126,10551,7,4,6847,4,14,0
127,10514,7,4,6842,4,14,0
128,10525,7,4,6837,4,14,0
129,10551,7,4,6833,4,14,0
130,10524,7,4,6909,4,14,0
131,10429,7,4,6903,4,14,0
132,10306,7,4,6898,4,14,0
133,10417,7,4,6892,4,14,0
134,10520,7,4,6887,4,14,0
135,10614,7,4,6881,4,14,0
136,10496,7,4,6876,4,14,0
137,10595,7,4,6870,4,14,0
138,10629,7,4,6864,4,14,0
139,10641,7,4,6859,4,14,0
140,10886,7,4,6933,4,14,0
141,10864,7,4,6926,4,14,0
142,10768,7,4,6918,4,14,0
143,10567,7,4,6912,4,14,0
144,10474,7,4,6907,4,14,0
145,10532,7,4,6901,4,14,0
146,10598,7,4,6895,4,14,0
147,10465,7,4,6888,4,14,0
148,10449,7,4,6883,4,14,0
149,10381,6,4,6877,4,14,0
150,10491,6,4,6951,4,14,0
151,10513,6,4,6946,4,14,0
152,10533,6,4,6940,4,14,0
153,10563,6,4,6934,4,14,0
154,10691,6,4,6928,4,14,0
155,10726,6,4,6922,4,14,0
156,10697,6,4,6916,4,14,0
157,10708,6,4,6910,4,14,0
158,10557,6,4,6904,4,14,0
159,10571,6,4,6898,4,14,0
160,10684,6,4,6973,4,14,0
161,10832,6,4,6967,4,14,0
162,10901,6,4,6961,4,14,0
163,10804,6,4,6954,4,14,0
164,10804,6,4,6950,4,14,0
165,10469,6,4,6944,4,14,0
166,10352,6,4,6939,4,14,0
167,10371,6,4,6934,4,14,0
168,10320,6,4,6927,4,14,0
169,10148,6,4,6924,4,14,0
170,10158,6,4,6999,4,14,0
171,10173,6,4,6994,4,14,0
172,10169,6,4,6989,4,14,0
173,10016,6,4,6984,4,14,0
174,9980,6,4,6978,4,14,0
175,10010,6,4,6973,4,14,0
176,10087,6,4,6969,4,14,0
177,10137,6,4,6964,4,14,0
178,10125,6,4,6957,4,14,0
179,10179,6,4,6952,4,14,0
180,10356,6,4,7026,4,14,0
181,10500,6,4,7021,4,14,0
182,10644,6,4,7017,4,14,0
183,10601,6,4,7010,4,14,0
184,10661,6,4,7005,4,14,0
185,10730,6,4,7001,4,14,0
186,10443,6,4,6996,4,14,0
187,10221,6,4,6991,4,14,0
188,10144,6,4,6985,4,14,0
189,10204,6,4,6982,4,14,0
190,10199,6,4,7057,4,14,0
191,10175,6,4,7052,4,14,0
192,10025,6,4,7049,4,14,0
193,9964,6,4,7043,4,14,0
194,9997,5,4,7041,4,14,0
195,10050,5,4,7036,4,14,0
196,10082,5,4,7032,4,14,0
197,9926,5,4,7026,4,14,0
198,9890,5,4,7024,4,14,0
199,9981,5,4,7020,4,14,0
200,10053,5,4,7099,4,14,0
201,10032,5,3,7095,4,14,0
202,10076,5,3,7092,4,14,0
203,10183,5,3,7092,4,14,0
204,10334,5,3,7089,4,14,0
205,10164,5,3,7085,4,14,0
206,10036,5,3,7083,4,14,0
207,9996,5,3,7080,4,14,0
208,9996,5,3,7076,4,14,0
209,9893,5,3,7072,4,14,0
210,9834,5,3,7147,4,14,0
211,9746,5,3,7144,4,14,0
212,9705,5,3,7138,4,14,0
213,9841,5,3,7135,4,14,0
214,9910,5,3,7129,4,14,0
215,9979,5,3,7127,4,14,0
216,9974,5,3,7121,4,14,0
217,9904,5,3,7117,4,14,0
218,9886,5,3,7112,4,14,0
219,9997,5,3,7107,4,14,0
220,10095,5,3,7184,4,14,0
221,10186,5,3,7180,4,14,0
222,10276,5,3,7176,4,14,0
223,10233,5,3,7173,4,14,0
224,10185,5,3,7170,4,14,0
225,10048,5,3,7165,4,14,0
226,9836,5,3,7162,4,14,0
227,9620,5,3,7157,4,14,0
228,9442,5,3,7155,4,14,0
229,9317,5,3,7152,4,14,0
230,9300,4,3,7230,4,14,0
231,9190,4,3,7228,4,14,0
232,9190,4,3,7226,4,14,0
233,9213,4,3,7222,4,14,0
234,9256,4,3,7218,4,14,0
235,9288,4,3,7215,4,14,0
236,9322,4,3,7213,4,14,0
237,9343,4,3,7211,4,14,0
238,9162,4,3,7209,4,14,0
239,9157,4,3,7206,4,14,0
240,9212,4,3,7283,4,14,0
241,9212,4,3,7281,4,14,0
242,9329,4,3,7280,4,14,0
243,9400,4,3,7277,4,14,0
244,9515,4,3,7275,4,14,0
245,9578,4,3,7273,4,14,0
246,9604,4,3,7271,4,14,0
247,9715,4,3,7269,4,14,0
248,9770,4,3,7267,4,14,0
249,9860,4,3,7265,4,14,0
250,9800,4,3,7343,4,14,0
251,9572,3,3,7341,4,14,0
252,9450,3,3,7339,4,14,0
253,9367,3,3,7337,4,14,0
254,9231,3,3,7335,4,14,0
255,9331,3,3,7333,4,14,0
256,9389,3,3,7331,4,14,0
257,9534,3,3,7329,4,14,0
258,9663,3,3,7326,4,14,0
259,9762,3,3,7325,4,14,0
260,10014,3,3,7403,4,14,0
261,9961,3,3,7402,4,14,0
262,9705,3,3,7399,4,14,0
263,9560,3,3,7397,4,14,0
264,9343,3,3,7394,4,14,0
265,9343,3,3,7393,4,14,0
266,9301,3,3,7389,4,14,0
267,9384,3,3,7386,4,14,0
268,9465,3,3,7384,4,14,0
269,9576,3,3,7382,4,14,0
270,9651,3,3,7460,4,14,0
271,9608,3,3,7456,4,14,0
272,9629,3,3,7453,4,14,0
273,9710,3,3,7450,4,14,0
274,9783,3,3,7447,4,14,0
275,9823,3,3,7444,4,14,0
276,9872,3,3,7441,4,14,0
277,9935,3,3,7439,4,14,0
278,9965,3,3,7436,4,14,0
279,10007,3,3,7434,4,14,0
280,10062,3,3,7511,4,14,0
281,10061,3,3,7508,4,14,0
282,9825,3,3,7504,4,14,0
283,9708,3,3,7502,4,14,0
284,9642,3,3,7499,4,14,0
285,9677,3,3,7496,4,14,0
286,9733,3,3,7495,4,14,0
287,9709,3,3,7492,4,14,0
288,9726,3,3,7489,4,14,0
289,9774,3,3,7485,4,14,0
290,9789,3,3,7563,4,14,0
291,9719,3,3,7559,4,14,0
292,9768,3,3,7556,4,14,0
293,9869,3,3,7555,4,14,0
294,9966,3,3,7552,4,14,0
295,10009,3,3,7549,4,14,0
296,9982,3,3,7548,4,14,0
297,9873,3,3,7546,4,14,0
298,9681,3,3,7543,4,14,0
299,9773,3,3,7540,4,14,0
300,9940,3,3,7619,4,14,0
301,9875,3,2,7616,4,14,0
302,9942,3,2,7613,4,14,0
303,10040,3,2,7609,4,14,0
304,10088,3,2,7605,4,14,0
305,10018,3,2,7604,4,14,0
306,9951,3,2,7600,4,14,0
307,9966,3,2,7598,4,14,0
308,9942,3,2,7596,4,14,0
309,9903,3,2,7593,4,14,0
310,9888,3,2,7669,4,14,0
311,9880,3,2,7667,4,14,0
312,9851,3,2,7664,4,14,0
313,9854,3,2,7661,4,14,0
314,9938,3,2,7659,4,14,0
315,10085,3,2,7656,4,14,0
316,10102,3,2,7654,4,14,0
317,10008,3,2,7651,4,14,0
318,9900,3,2,7647,4,14,0
319,9846,3,2,7646,4,14,0
320,9863,3,2,7723,4,14,0
321,9938,2,2,7719,4,14,0
322,9905,2,2,7717,4,14,0
323,9977,2,2,7715,4,14,0
324,9895,2,2,7713,4,14,0
325,9861,2,2,7712,4,14,0
326,9518,2,2,7710,4,14,0
327,9360,2,2,7710,4,14,0
328,9324,2,2,7709,4,14,0
329,9331,2,2,7708,4,14,0
330,9415,2,2,7786,4,14,0
331,9479,2,2,7785,4,14,0
332,9580,2,2,7783,4,14,0
333,9563,2,2,7782,4,14,0
334,9578,2,2,7780,4,14,0
335,9660,2,2,7778,4,14,0
336,9654,2,2,7776,4,14,0
337,9556,2,2,7774,4,14,0
338,9410,2,2,7774,4,14,0
339,9253,2,2,7773,4,14,0
340,9377,2,2,7852,4,14,0
341,9407,51,2,7851,4,14,0
342,9449,51,2,7850,4,14,0
343,9735,51,2,7849,4,14,0
344,10045,51,2,7848,4,14,0
345,10507,51,2,7847,4,14,0
346,11131,51,2,7846,4,14,0
347,11732,51,2,7845,4,14,0
348,12348,51,2,7833,4,14,0
349,12863,51,2,7789,4,14,0
350,13524,50,2,7829,4,14,0
351,14169,50,2,7792,4,14,0
352,14754,50,2,7756,4,14,0
353,15458,50,2,7719,4,14,0
354,16127,50,2,7682,4,14,0
355,16828,50,2,7648,4,14,0
356,17496,50,2,7609,4,14,0
357,18126,50,2,7573,4,14,0
358,18802,50,2,7534,4,14,0
359,19580,50,2,7500,4,14,0
360,20202,50,2,7539,4,14,0
361,20796,50,2,7504,4,14,0
362,21049,50,2,7470,4,14,0
363,21259,50,2,7438,4,14,0
364,21022,50,2,7401,4,14,0
365,20090,50,2,7362,4,14,0
366,18871,50,2,7329,4,14,0
367,17628,50,2,7296,4,14,0
368,16235,50,2,7265,4,14,0
369,15320,50,2,7234,4,14,0
370,14882,50,2,7286,4,14,0
371,14412,50,2,7257,4,14,0
372,14103,50,2,7229,4,14,0
373,13919,50,2,7199,4,14,0
374,13492,50,2,7170,4,14,0
375,13529,49,2,7141,4,14,0
376,13534,49,2,7115,4,14,0
377,13625,49,2,7089,4,14,0
378,13649,49,2,7059,4,14,0
379,13910,49,2,7036,4,14,0
380,14213,49,2,7093,4,14,0
381,14186,49,2,7067,4,14,0
382,14380,49,2,7041,4,14,0
383,14660,49,2,7014,4,14,0
384,14782,49,2,6990,4,14,0
385,14849,49,2,6964,4,14,0
386,14925,49,2,6942,4,14,0
387,15340,49,2,6918,4,14,0
388,15519,49,2,6894,4,14,0
389,15578,49,2,6870,4,14,0
390,15645,49,2,6928,4,14,0
391,15630,49,2,6906,4,14,0
392,15457,49,2,6880,4,14,0
393,15331,49,2,6852,4,14,0
394,15223,49,2,6823,4,14,0
395,15394,49,2,6796,4,14,0
396,15396,49,2,6769,4,14,0
397,15400,49,2,6740,4,14,0
398,15342,49,2,6714,4,14,0
399,15571,49,2,6684,4,14,0
400,15704,49,2,6733,4,14,0
401,15673,47,2,6704,4,14,0
402,15693,47,2,6677,4,14,0
403,16105,47,2,6648,4,14,0
404,16237,47,2,6618,4,14,0
405,16058,47,2,6590,4,14,0
406,15721,47,2,6570,4,14,0
407,15810,47,2,6539,4,14,0
408,15960,47,2,6513,4,14,0
409,15772,46,2,6482,4,14,0
410,16089,46,2,6531,4,14,0
411,16179,46,2,6504,4,14,0
412,16140,46,2,6477,4,14,0
413,15643,46,2,6448,4,14,0
414,15389,46,2,6419,4,14,0
415,15514,46,2,6390,4,14,0
416,15877,46,2,6371,4,14,0
417,15961,46,2,6345,4,14,0
418,15735,46,2,6325,4,14,0
419,16137,46,2,6299,4,14,0
420,16147,46,2,6357,4,14,0
421,16015,46,2,6330,4,14,0
422,16351,46,2,6306,4,14,0
423,16285,46,2,6282,4,14,0
424,16393,46,2,6255,4,14,0
425,16120,46,2,6230,4,14,0
426,15918,46,2,6207,4,14,0
427,15594,46,2,6182,4,14,0
428,15286,46,2,6159,4,14,0
429,14767,46,2,6141,4,14,0
430,15000,46,2,6200,4,14,0
431,15304,46,2,6175,4,14,0
432,15118,46,2,6153,4,14,0
433,14904,46,2,6131,4,14,0
434,14716,46,2,6109,4,14,0
435,14847,46,2,6087,4,14,0
436,15245,46,2,6062,4,14,0
437,15231,46,2,6040,4,14,0
438,14897,45,2,6013,4,14,0
439,14729,45,2,5992,4,14,0
440,14992,45,2,6049,4,14,0
441,15019,45,2,6024,4,14,0
442,14805,45,2,5999,4,14,0
443,14319,45,2,5973,4,14,0
444,14240,45,2,5950,4,14,0
445,14331,45,2,5929,4,14,0
446,14636,45,2,5903,4,14,0
447,14888,45,2,5887,4,14,0
448,14768,45,2,5862,4,14,0
449,14629,44,2,5845,4,14,0
450,14909,44,2,5904,4,14,0
451,14596,44,2,5880,4,14,0
452,14488,44,2,5860,4,14,0
453,14271,44,2,5837,4,14,0
454,14110,44,2,5817,4,14,0
455,13966,44,2,5800,4,14,0
456,13920,44,2,5776,4,14,0
457,13932,44,2,5758,4,14,0
458,13632,44,2,5738,4,14,0
459,13663,44,2,5721,4,14,0
460,14060,44,2,5785,4,14,0
461,14276,44,2,5770,4,14,0
462,14021,44,2,5753,4,14,0
463,13995,44,2,5734,4,14,0
464,14135,44,2,5718,4,14,0
465,14475,44,2,5703,4,14,0
466,14587,44,2,5693,4,14,0
467,14341,44,2,5676,4,14,0
468,14601,44,2,5659,4,14,0
469,14775,44,2,5645,4,14,0
470,15138,44,2,5706,4,14,0
471,15332,44,2,5693,4,14,0
472,15243,44,2,5676,4,14,0
473,15251,44,2,5664,4,14,0
474,15502,44,2,5645,4,14,0
475,15811,44,2,5631,4,14,0
476,15933,43,2,5619,4,14,0
477,15994,43,2,5602,4,14,0
478,15763,43,2,5587,4,14,0
479,15736,42,2,5573,4,14,0
480,15867,42,2,5633,4,14,0
481,15673,42,2,5614,4,14,0
482,15267,42,2,5595,4,14,0
483,14402,42,2,5571,4,14,0
484,14081,42,2,5559,4,14,0
485,13893,42,2,5544,4,14,0
486,13996,42,2,5524,4,14,0
487,13794,42,2,5507,4,14,0
488,14098,42,2,5490,4,14,0
489,14049,42,2,5473,4,14,0
490,14136,42,2,5536,4,14,0
491,14376,42,2,5522,4,14,0
492,14157,42,2,5506,4,14,0
493,13953,42,2,5491,4,14,0
494,13687,42,2,5478,4,14,0
495,13865,42,2,5462,4,14,0
496,14094,42,2,5449,4,14,0
497,13994,42,2,5433,4,14,0
498,14401,42,2,5420,4,14,0
499,14673,42,2,5406,4,14,0
500,15071,42,2,5468,4,14,0
501,15289,42,2,5456,4,14,0
502,15399,42,2,5438,4,14,0
503,15501,42,2,5424,4,14,0
504,15696,42,2,5408,4,14,0
505,15620,42,2,5390,4,14,0
506,15518,42,2,5378,4,14,0
507,15443,42,2,5363,4,14,0
508,15137,41,2,5348,4,14,0
509,14778,41,2,5337,4,14,0
510,14856,40,2,5404,4,14,0
511,14445,40,2,5395,4,14,0
512,14163,40,2,5379,4,14,0
513,14363,40,2,5368,4,14,0
514,14231,40,2,5353,4,14,0
515,14064,40,2,5338,4,14,0
516,14119,40,2,5320,4,14,0
517,14217,40,2,5307,4,14,0
518,14197,40,2,5293,4,14,0
519,13923,40,2,5277,4,14,0
520,13987,40,2,5341,4,14,0
521,13847,40,2,5329,4,14,0
522,14083,40,2,5308,4,14,0
523,13974,40,2,5296,4,14,0
524,13655,40,2,5278,4,14,0
525,13372,40,2,5260,4,14,0
526,13004,40,2,5242,4,14,0
527,13121,40,2,5227,4,14,0
528,13606,40,2,5212,4,14,0
529,13400,40,2,5192,4,14,0
530,13143,40,2,5255,4,14,0
531,13222,40,2,5236,4,14,0
532,13037,40,2,5215,4,14,0
533,13597,40,2,5198,4,14,0
534,13874,40,2,5184,4,14,0
535,14174,39,2,5171,4,14,0
536,14303,39,2,5161,4,14,0
537,14322,39,2,5147,4,14,0
538,13993,38,2,5141,4,14,0
539,14145,38,2,5129,4,14,0
540,14058,38,2,5200,4,14,0
541,14010,38,2,5183,4,14,0
542,13626,38,2,5169,4,14,0
543,13752,38,2,5157,4,14,0
544,13869,38,2,5146,4,14,0
545,14066,38,2,5132,4,14,0
546,13745,38,2,5116,4,14,0
547,13683,38,2,5104,4,14,0
548,13357,38,2,5092,4,14,0
549,13427,38,2,5078,4,14,0
550,13677,38,2,5147,4,14,0
551,14165,38,2,5137,4,14,0
552,14294,38,2,5123,4,14,0
553,14516,38,2,5111,4,14,0
554,14269,38,2,5097,4,14,0
555,14172,38,2,5085,4,14,0
556,14016,38,2,5072,4,14,0
557,13562,38,2,5055,4,14,0
558,13268,38,2,5044,4,14,0
559,13132,38,2,5028,4,14,0
560,12992,38,2,5095,4,14,0
561,12903,38,2,5080,4,14,0
562,13070,38,2,5067,4,14,0
563,13426,38,2,5050,4,14,0
564,13667,38,2,5037,4,14,0
565,13540,38,2,5020,4,14,0
566,13140,38,2,5007,4,14,0
567,13192,38,2,4993,4,14,0
568,13651,38,2,4976,4,14,0
569,13872,38,2,4959,4,14,0
570,14290,38,2,5021,4,14,0
571,14526,38,2,5006,4,14,0
572,14595,38,2,4987,4,14,0
573,14842,38,2,4971,4,14,0
574,14868,38,2,4958,4,14,0
575,14993,38,2,4943,4,14,0
576,15017,38,2,4930,4,14,0
577,15181,38,2,4915,4,14,0
578,15170,38,2,4900,4,14,0
579,14932,38,2,4888,4,14,0
580,15196,38,2,4950,4,14,0
581,15162,38,2,4933,4,14,0
582,14918,38,2,4914,4,14,0
583,14774,38,2,4896,4,14,0
584,14427,38,2,4879,4,14,0
585,14619,38,2,4862,4,14,0
586,14950,38,2,4840,4,14,0
587,14487,38,2,4827,4,14,0
588,14332,38,2,4812,4,14,0
589,14017,38,2,4795,4,14,0
590,13886,38,2,4863,4,14,0
591,13567,38,2,4845,4,14,0
592,13421,38,2,4828,4,14,0
593,13251,38,2,4815,4,14,0
594,13466,38,2,4795,4,14,0
595,13777,38,2,4782,4,14,0
596,13621,38,2,4764,4,14,0
597,13299,38,2,4755,4,14,0
598,13233,37,2,4739,4,14,0
599,13327,37,2,4726,4,14,0
600,13813,37,2,4791,4,14,0
601,13918,32,2,4771,4,14,0
602,13674,32,2,4755,4,14,0
603,13731,32,2,4742,4,14,0
604,13389,32,2,4730,4,14,0
605,13133,32,2,4717,4,14,0
606,13116,32,2,4701,4,14,0
607,13562,31,2,4694,4,14,0
608,13936,31,2,4681,4,14,0
609,13812,31,2,4674,4,14,0
610,13472,31,2,4748,4,14,0
611,13385,31,2,4735,4,14,0
612,13305,31,2,4725,4,14,0
613,13369,31,2,4713,4,14,0
614,13549,31,2,4705,4,14,0
615,14055,31,2,4699,4,14,0
616,14194,31,2,4690,4,14,0
617,13988,31,2,4677,4,14,0
618,13867,31,2,4670,4,14,0
619,14109,31,2,4659,4,14,0
620,14402,31,2,4727,4,14,0
621,14275,31,2,4717,4,14,0
622,14087,31,2,4703,4,14,0
623,14400,31,2,4691,4,14,0
624,14500,31,2,4680,4,14,0
625,14247,31,2,4671,4,14,0
626,13745,31,2,4657,4,14,0
627,13020,30,2,4644,4,14,0
628,13027,30,2,4630,4,14,0
629,12776,30,2,4617,4,14,0
630,12821,30,2,4681,4,14,0
631,12826,30,2,4675,4,14,0
632,12818,30,2,4664,4,14,0
633,12903,30,2,4651,4,14,0
634,12878,30,2,4641,4,14,0
635,12429,30,2,4625,4,14,0
636,12263,30,2,4618,4,14,0
637,12497,30,2,4606,4,14,0
638,12555,30,2,4594,4,14,0
639,12471,30,2,4578,4,14,0
640,12449,30,2,4640,4,14,0
641,12759,30,2,4628,4,14,0
642,12629,30,2,4615,4,14,0
643,12676,30,2,4599,4,14,0
644,12663,30,2,4587,4,14,0
645,12719,30,2,4569,4,14,0
646,12792,30,2,4553,4,14,0
647,12712,30,2,4536,4,14,0
648,12594,30,2,4524,4,14,0
649,12570,30,2,4509,4,14,0
650,13092,30,2,4577,4,14,0
651,13025,30,2,4564,4,14,0
652,12612,29,2,4550,4,14,0
653,12044,28,2,4541,4,14,0
654,12205,28,2,4533,4,14,0
655,12241,28,2,4522,4,14,0
656,11856,28,2,4514,4,14,0
657,11970,28,2,4506,4,14,0
658,11827,28,2,4498,4,14,0
659,12356,28,2,4489,4,14,0
660,12581,28,2,4559,4,14,0
661,12168,28,2,4549,4,14,0
662,12213,28,2,4536,4,14,0
663,11850,28,2,4520,4,14,0
664,11866,28,2,4511,4,14,0
665,11667,28,2,4499,4,14,0
666,12145,28,2,4492,4,14,0
667,12151,28,2,4478,4,14,0
668,11895,28,2,4470,4,14,0
669,11958,28,2,4459,4,14,0
670,12282,28,2,4533,4,14,0
671,12817,28,2,4519,4,14,0
672,12962,28,2,4505,4,14,0
673,13086,28,2,4494,4,14,0
674,12922,28,2,4482,4,14,0
675,12595,28,2,4468,4,14,0
676,12998,28,2,4459,4,14,0
677,13284,28,2,4444,4,14,0
678,13763,28,2,4432,4,14,0
679,13878,27,2,4418,4,14,0
680,14061,27,2,4484,4,14,0
681,14366,27,2,4470,4,14,0
682,14541,78,2,4452,4,14,0
683,14044,78,2,4440,4,14,0
684,14541,78,2,4427,4,14,0
685,14898,78,2,4416,4,14,0
686,14993,78,2,4403,4,14,0
687,15101,78,2,4391,4,14,0
688,15205,78,2,4382,4,14,0
689,15123,78,2,4368,4,14,0
690,15323,78,2,4424,4,14,0
691,15368,78,2,4390,4,14,0
692,15542,78,2,4363,4,14,0
693,16239,78,2,4340,4,14,0
694,16712,78,2,4316,4,14,0
695,17208,78,2,4294,4,14,0
696,17434,78,2,4278,4,14,0
697,17378,78,2,4253,4,14,0
698,17269,78,2,4230,4,14,0
699,17582,78,2,4211,4,14,0
700,17407,78,2,4268,4,14,0
701,17707,28,2,4242,4,14,0
702,17788,28,2,4225,4,14,0
703,18438,27,2,4214,4,14,0
704,18574,27,2,4197,4,14,0
705,18663,27,2,4186,4,14,0
706,18754,27,2,4172,4,14,0
707,18586,27,2,4160,4,14,0
708,18205,27,2,4146,4,14,0
709,17512,26,2,4132,4,14,0
710,16526,26,2,4200,4,14,0
711,15858,26,2,4186,4,14,0
712,15498,26,2,4173,4,14,0
713,15042,26,2,4156,4,14,0
714,15122,26,2,4149,4,14,0
715,14925,26,2,4136,4,14,0
716,14665,26,2,4126,4,14,0
717,13850,26,2,4115,4,14,0
718,12677,26,2,4109,4,14,0
719,11777,26,2,4096,4,14,0
720,11612,26,2,4168,4,14,0
721,11611,26,2,4153,4,14,0
722,11547,26,2,4144,4,14,0
723,11648,26,2,4132,4,14,0
724,11496,26,2,4119,4,14,0
725,11298,26,2,4110,4,14,0
726,11183,26,2,4096,4,14,0
727,11191,26,2,4085,4,14,0
728,11392,26,2,4074,4,14,0
729,11682,26,2,4065,4,14,0
730,12167,26,2,4128,4,14,0
731,12242,25,2,4117,4,14,0
732,12298,25,2,4105,4,14,0
733,12367,25,2,4093,4,14,0
734,12590,25,2,4080,4,14,0
735,12605,25,2,4072,4,14,0
736,12552,24,2,4061,4,14,0
737,13027,24,2,4049,4,14,0
738,13308,24,2,4039,4,14,0
739,13382,24,2,4033,4,14,0
740,13610,24,2,4104,4,14,0
741,13662,24,2,4090,4,14,0
742,13495,24,2,4078,4,14,0
743,13282,24,2,4067,4,14,0
744,12867,24,2,4056,4,14,0
745,12703,24,2,4046,4,14,0
746,12686,24,2,4033,4,14,0
747,12478,24,2,4026,4,14,0
748,12472,24,2,4021,4,14,0
749,12581,24,2,4012,4,14,0
750,12973,23,2,4084,4,14,0
751,12808,23,2,4073,4,14,0
752,12381,23,2,4057,4,14,0
753,11944,23,2,4048,4,14,0
754,11856,23,2,4038,4,14,0
755,11849,23,2,4030,4,14,0
756,10972,23,2,4018,4,14,0
757,10560,23,2,4011,4,14,0
758,10838,23,2,4003,4,14,0
759,11282,23,2,3997,4,14,0
760,11313,23,2,4070,4,14,0
761,11467,23,2,4060,4,14,0
762,11597,23,2,4049,4,14,0
763,11571,23,2,4040,4,14,0
764,11814,23,2,4033,4,14,0
765,11742,23,2,4024,4,14,0
766,11618,23,2,4015,4,14,0
767,11655,23,2,4006,4,14,0
768,11226,23,2,3995,4,14,0
769,11372,23,2,3983,4,14,0
770,11591,23,2,4051,4,14,0
771,12017,23,2,4043,4,14,0
772,12062,23,2,4035,4,14,0
773,11922,22,2,4026,4,14,0
774,11981,22,2,4014,4,14,0
775,12211,22,2,4008,4,14,0
776,12370,22,2,3998,4,14,0
777,12816,22,2,3990,4,14,0
778,13089,22,2,3981,4,14,0
779,12982,22,2,3971,4,14,0
780,12941,22,2,4042,4,14,0
781,12284,21,2,4035,4,14,0
782,11734,21,2,4026,4,14,0
783,11210,21,2,4017,4,14,0
784,11199,21,2,4007,4,14,0
785,11387,21,2,3998,4,14,0
786,11257,21,2,3991,4,14,0
787,11069,21,2,3984,4,14,0
788,11209,21,2,3975,4,14,0
789,11359,21,2,3967,4,14,0
790,11568,21,2,4038,4,14,0
791,11630,21,2,4030,4,14,0
792,11648,21,2,4021,4,14,0
793,11604,21,2,4012,4,14,0
794,11621,21,2,4001,4,14,0
795,11289,21,2,3993,4,14,0
796,11361,21,2,3983,4,14,0
797,10965,21,2,3976,4,14,0
798,10587,21,2,3966,4,14,0
799,10457,21,2,3953,4,14,0
800,10578,21,2,4026,4,14,0
801,10659,19,2,4020,4,14,0
802,10595,19,2,4011,4,14,0
803,10779,19,2,4003,4,14,0
804,10773,19,2,3998,4,14,0
805,10581,19,2,3990,4,14,0
806,10717,19,2,3986,4,14,0
807,10613,19,2,3979,4,14,0
808,10879,19,2,3972,4,14,0
809,11095,19,2,3966,4,14,0
810,10581,18,2,4040,4,14,0
811,10687,18,2,4033,4,14,0
812,10800,18,2,4027,4,14,0
813,11158,18,2,4021,4,14,0
814,11255,18,2,4011,4,14,0
815,11346,18,2,4005,4,14,0
816,11359,18,2,3999,4,14,0
817,11260,18,2,3990,4,14,0
818,10891,18,2,3987,4,14,0
819,10615,18,2,3976,4,14,0
820,10914,18,2,4051,4,14,0
821,11104,18,2,4043,4,14,0
822,11078,18,2,4036,4,14,0
823,11039,18,2,4026,4,14,0
824,11299,18,2,4024,4,14,0
825,11334,18,2,4014,4,14,0
826,11097,18,2,4012,4,14,0
827,11294,18,2,4004,4,14,0
828,11018,18,2,3998,4,14,0
829,11264,18,2,3990,4,14,0
830,11393,18,2,4066,4,14,0
831,11256,18,2,4059,4,14,0
832,11244,18,2,4056,4,14,0
833,11404,18,2,4050,4,14,0
834,11306,18,2,4045,4,14,0
835,10723,18,2,4039,4,14,0
836,10543,17,2,4036,4,14,0
837,10839,17,2,4030,4,14,0
838,10876,17,2,4026,4,14,0
839,10322,17,2,4024,4,14,0
840,10318,17,2,4101,4,14,0
841,9923,17,2,4097,4,14,0
842,10057,17,2,4093,4,14,0
843,10178,17,2,4089,4,14,0
844,10188,16,2,4082,4,14,0
845,10276,16,2,4078,4,14,0
846,10396,16,2,4070,4,14,0
847,10032,16,2,4066,4,14,0
848,9918,16,2,4063,4,14,0
849,9914,16,2,4055,4,14,0
850,9580,16,2,4130,4,14,0
851,9063,16,2,4127,4,14,0
852,8462,16,2,4122,4,14,0
853,8288,16,2,4117,4,14,0
854,8518,16,2,4112,4,14,0
855,8809,16,2,4108,4,14,0
856,8837,16,2,4106,4,14,0
857,9005,16,2,4102,4,14,0
858,9429,16,2,4099,4,14,0
859,9672,16,2,4096,4,14,0
860,9382,16,2,4173,4,14,0
861,9377,16,2,4167,4,14,0
862,9568,16,2,4160,4,14,0
863,9755,16,2,4153,4,14,0
864,10204,16,2,4148,4,14,0
865,10384,16,2,4142,4,14,0
866,10485,16,2,4139,4,14,0
867,10527,16,2,4133,4,14,0
868,10679,16,2,4129,4,14,0
869,10427,16,2,4122,4,14,0
870,10526,16,2,4195,4,14,0
871,10456,16,2,4187,4,14,0
872,10540,16,2,4182,4,14,0
873,10054,16,2,4176,4,14,0
874,10007,16,2,4171,4,14,0
875,9668,16,2,4164,4,14,0
876,9716,16,2,4157,4,14,0
877,9627,16,2,4151,4,14,0
878,9605,16,2,4146,4,14,0
879,9655,16,2,4138,4,14,0
880,9608,16,2,4210,4,14,0
881,10059,15,2,4204,4,14,0
882,10210,15,2,4197,4,14,0
883,10405,14,2,4190,4,14,0
884,10675,14,2,4181,4,14,0
885,10751,14,2,4175,4,14,0
886,10905,14,2,4171,4,14,0
887,10393,14,2,4168,4,14,0
888,10046,14,2,4161,4,14,0
889,10270,14,2,4154,4,14,0
890,10709,14,2,4231,4,14,0
891,11025,14,2,4223,4,14,0
892,10996,14,2,4215,4,14,0
893,10862,14,2,4210,4,14,0
894,10728,14,2,4205,4,14,0
895,10318,14,2,4200,4,14,0
896,10326,14,2,4197,4,14,0
897,10540,14,2,4192,4,14,0
898,10562,14,2,4185,4,14,0
899,10188,14,2,4180,4,14,0
900,10157,14,2,4258,4,14,0
901,10547,14,2,4252,4,14,0
902,10457,14,2,4246,4,14,0
903,10435,14,2,4238,4,14,0
904,10657,14,2,4232,4,14,0
905,10722,14,2,4224,4,14,0
906,10459,14,2,4220,4,14,0
907,10244,14,2,4216,4,14,0
908,10503,14,2,4212,4,14,0
909,10556,14,2,4206,4,14,0
910,10358,14,2,4280,4,14,0
911,10372,13,2,4274,4,14,0
912,10465,13,2,4271,4,14,0
913,10275,13,2,4266,4,14,0
914,10289,13,2,4263,4,14,0
915,10297,13,2,4257,4,14,0
916,9656,13,2,4253,4,14,0
917,8966,13,2,4247,4,14,0
918,8716,13,2,4243,4,14,0
919,8760,13,2,4239,4,14,0
920,8663,13,2,4315,4,14,0
921,8675,13,2,4309,4,14,0
922,8934,13,2,4302,4,14,0
923,8983,13,2,4296,4,14,0
924,9132,13,2,4292,4,14,0
925,9236,12,2,4287,4,14,0
926,9193,12,2,4284,4,14,0
927,9259,12,2,4279,4,14,0
928,9555,12,2,4273,4,14,0
929,9857,12,2,4270,4,14,0
930,9389,12,2,4346,4,14,0
931,9001,12,2,4340,4,14,0
932,8944,12,2,4335,4,14,0
933,9230,12,2,4330,4,14,0
934,9348,12,2,4323,4,14,0
935,9344,12,2,4319,4,14,0
936,9792,12,2,4314,4,14,0
937,9903,12,2,4308,4,14,0
938,9748,12,2,4302,4,14,0
939,9935,12,2,4297,4,14,0
940,10079,12,2,4372,4,14,0
941,10094,12,2,4365,4,14,0
942,9842,12,2,4361,4,14,0
943,9660,12,2,4354,4,14,0
944,9450,11,2,4349,4,14,0
945,9142,11,2,4345,4,14,0
946,9027,11,2,4341,4,14,0
947,8979,11,2,4336,4,14,0
948,8952,11,2,4331,4,14,0
949,9040,11,2,4327,4,14,0
950,9352,11,2,4400,4,14,0
951,9292,11,2,4396,4,14,0
952,9421,11,2,4388,4,14,0
953,9471,11,2,4383,4,14,0
954,9765,11,2,4375,4,14,0
955,9752,11,2,4366,4,14,0
956,9775,11,2,4363,4,14,0
957,9640,11,2,4358,4,14,0
958,9258,11,2,4352,4,14,0
959,9048,11,2,4347,4,14,0
960,8923,11,2,4422,4,14,0
961,9129,11,2,4416,4,14,0
962,8940,11,2,4412,4,14,0
963,8976,11,2,4407,4,14,0
964,9148,11,2,4400,4,14,0
965,9278,11,2,4396,4,14,0
966,9295,11,2,4390,4,14,0
967,9389,11,2,4385,4,14,0
968,9551,10,2,4382,4,14,0
969,9786,10,2,4380,4,14,0
970,10086,10,2,4457,4,14,0
971,9578,10,2,4453,4,14,0
972,9020,10,2,4448,4,14,0
973,8974,10,2,4442,4,14,0
974,9012,10,2,4439,4,14,0
975,9144,10,2,4437,4,14,0
976,9258,10,2,4434,4,14,0
977,9429,10,2,4431,4,14,0
978,9679,10,2,4428,4,14,0
979,9722,9,2,4424,4,14,0
980,10047,9,2,4501,4,14,0
981,9889,9,2,4497,4,14,0
982,9998,9,2,4493,4,14,0
983,10012,9,2,4486,4,14,0
984,9761,9,2,4482,4,14,0
985,9611,9,2,4478,4,14,0
986,9417,9,2,4475,4,14,0
987,9371,9,2,4470,4,14,0
988,9444,9,2,4466,4,14,0
989,9635,9,2,4460,4,14,0
990,9683,9,2,4535,4,14,0
991,9097,9,2,4530,4,14,0
992,8563,9,2,4526,4,14,0
993,8358,9,2,4520,4,14,0
994,8203,9,2,4517,4,14,0
995,8221,9,2,4512,4,14,0
996,8203,9,2,4508,4,14,0
997,8239,9,2,4500,4,14,0
998,8455,9,2,4495,4,14,0
999,8519,9,2,4490,4,14,0
1000,8530,9,2,4563,4,14,50
1001,8189,9,27,4560,4,14,50
1002,8295,9,27,4553,4,14,49
1003,8169,9,27,4548,4,14,49
1004,8246,9,27,4541,4,14,49
1005,8509,9,27,4537,4,14,49
1006,8605,9,27,4531,4,14,49
1007,8753,9,27,4528,4,14,49
1008,8732,9,27,4523,4,14,49
1009,8804,9,27,4520,4,14,49
1010,8957,9,27,4597,4,14,49
1011,8999,9,27,4593,4,14,49
1012,9246,9,27,4590,4,14,49
1013,9169,9,27,4587,4,14,49
1014,9350,9,27,4584,4,14,49
1015,9691,9,27,4579,4,14,49
1016,9878,9,27,4575,4,14,49
1017,10101,9,27,4571,4,14,49
1018,9911,9,27,4566,4,14,49
1019,10012,9,27,4561,4,14,48
1020,10063,9,27,4637,4,14,48
1021,10087,9,27,4634,4,14,48
1022,9891,9,27,4629,4,14,48
1023,9841,58,27,4625,4,14,48
1024,9934,58,27,4621,4,14,48
1025,9721,58,27,4620,4,14,48
1026,10258,58,27,4616,4,14,48
1027,10801,58,27,4611,4,14,48
1028,10902,58,27,4606,4,14,48
1029,11340,58,27,4604,4,14,48
1030,11919,58,27,4679,4,14,48
1031,12566,58,27,4643,4,14,48
1032,13189,58,27,4622,4,14,48
1033,13718,58,27,4591,4,14,48
1034,14611,58,27,4573,4,14,48
1035,15320,58,27,4545,4,14,48
1036,16001,58,27,4522,4,14,48
1037,16696,58,27,4503,4,14,48
1038,17301,58,27,4478,4,14,48
1039,17781,58,27,4456,4,14,48
1040,18810,58,27,4516,4,14,48
1041,19539,58,27,4495,4,14,48
1042,20063,58,27,4473,4,14,48
1043,20567,58,27,4454,4,14,48
1044,21060,58,27,4433,4,14,48
1045,21322,58,27,4414,4,14,48
1046,21669,58,27,4398,4,14,48
1047,22003,58,27,4378,4,14,48
1048,21120,58,27,4358,4,14,48
1049,20261,58,27,4336,4,14,48
1050,19499,58,27,4395,4,14,48
1051,18295,58,27,4371,4,14,0
1052,17527,58,27,4352,4,14,0
1053,17230,58,27,4337,4,14,0
1054,15930,58,27,4321,4,14,0
1055,15443,58,27,4304,4,14,0
1056,14684,58,27,4286,4,14,0
1057,14383,58,27,4271,4,14,0
1058,14063,58,27,4256,4,14,0
1059,14265,58,27,4242,4,14,0
1060,14421,58,27,4309,4,14,0
1061,14578,57,27,4290,4,14,0
1062,14971,57,27,4274,4,14,0
1063,14929,57,27,4262,4,14,0
1064,14973,57,27,4247,4,14,0
1065,15129,57,27,4232,4,14,0
1066,15207,57,27,4218,4,14,0
1067,15474,56,27,4206,4,14,0
1068,15302,56,27,4191,4,14,0
1069,15603,56,27,4177,4,14,0
1070,15775,56,27,4242,4,14,0
1071,15854,56,27,4225,4,14,0
1072,16122,56,27,4205,4,14,0
1073,16461,56,27,4187,4,14,0
1074,16227,56,27,4168,4,14,0
1075,16647,56,27,4151,4,14,0
1076,16724,56,27,4132,4,14,0
1077,16968,56,27,4120,4,14,0
1078,17469,56,27,4108,4,14,0
1079,17695,56,27,4093,4,14,0
1080,17595,56,27,4161,4,14,0
1081,17380,56,27,4146,4,14,0
1082,17430,56,27,4130,4,14,0
1083,17188,56,27,4119,4,14,0
1084,17432,56,27,4104,4,14,0
1085,17632,56,27,4093,4,14,0
1086,17156,56,27,4082,4,14,0
1087,16387,56,27,4071,4,14,0
1088,16378,56,27,4057,4,14,0
1089,16108,56,27,4041,4,14,0
1090,16043,56,27,4111,4,14,0
1091,16059,56,27,4098,4,14,0
1092,16186,56,27,4084,4,14,0
1093,16254,56,27,4071,4,14,0
1094,16455,56,27,4056,4,14,0
1095,16258,56,27,4048,4,14,0
1096,16235,56,27,4037,4,14,0
1097,15669,56,27,4032,4,14,0
1098,15478,56,27,4024,4,14,0
1099,15769,56,27,4015,4,14,0
1100,15918,56,27,4088,4,14,0
1101,16117,45,14,4085,4,14,0
1102,16149,45,14,4075,4,14,0
1103,16110,45,14,4066,4,14,0
1104,16040,45,14,4054,4,14,0
1105,16711,45,14,4047,4,14,0
1106,16702,45,14,4036,4,14,0
1107,16755,45,14,4026,4,14,0
1108,16799,45,14,4016,4,14,0
1109,16392,45,14,4009,4,14,0
1110,16428,45,14,4078,4,14,0
1111,16762,45,14,4068,4,14,0
1112,17118,44,14,4055,4,14,0
1113,17609,44,14,4044,4,14,0
1114,17420,44,14,4034,4,14,0
1115,17606,44,14,4023,4,14,0
1116,17979,44,14,4012,4,14,0
1117,17824,44,14,4002,4,14,0
1118,17235,44,14,3991,4,14,0
1119,17299,44,14,3978,4,14,0
1120,16986,44,14,4051,4,14,0
1121,16616,43,14,4040,4,14,0
1122,16415,43,14,4027,4,14,0
1123,16410,43,14,4019,4,14,0
1124,16633,43,14,4014,4,14,0
1125,16885,43,14,4007,4,14,0
1126,16618,43,14,4001,4,14,0
1127,16685,43,14,3993,4,14,0
1128,17153,43,14,3987,4,14,0
1129,17336,43,14,3978,4,14,0
1130,16708,43,14,4052,4,14,0
1131,16875,43,14,4040,4,14,0
1132,16481,43,14,4032,4,14,0
1133,16035,43,14,4026,4,14,0
1134,16366,43,14,4014,4,14,0
1135,16659,43,14,4008,4,14,0
1136,17289,43,14,3999,4,14,0
1137,17541,43,14,3992,4,14,0
1138,17230,43,14,3986,4,14,0
1139,16759,43,14,3980,4,14,0
1140,15502,43,14,4052,4,14,0
1141,15582,43,14,4043,4,14,0
1142,15226,43,14,4034,4,14,0
1143,15522,43,14,4023,4,14,0
1144,15398,43,14,4015,4,14,0
1145,15855,43,14,4004,4,14,0
1146,16117,43,14,3994,4,14,0
1147,16058,43,14,3983,4,14,0
1148,15598,43,14,3969,4,14,0
1149,15543,42,14,3959,4,14,0
1150,15744,42,14,4031,4,14,0
1151,16228,42,14,4022,4,14,0
1152,16239,42,14,4009,4,14,0
1153,16330,42,14,3998,4,14,0
1154,16204,42,14,3980,4,14,0
1155,15683,42,14,3970,4,14,0
1156,15717,42,14,3959,4,14,0
1157,14912,42,14,3943,4,14,0
1158,14768,42,14,3936,4,14,0
1159,14646,42,14,3920,4,14,0
1160,14860,42,14,3988,4,14,0
1161,15380,42,14,3977,4,14,0
1162,15355,42,14,3960,4,14,0
1163,15175,41,14,3947,4,14,0
1164,15048,41,14,3937,4,14,0
1165,15547,41,14,3927,4,14,0
1166,15646,41,14,3921,4,14,0
1167,15292,41,14,3911,4,14,0
1168,15590,41,14,3904,4,14,0
1169,15969,41,14,3893,4,14,0
1170,16214,41,14,3966,4,14,0
1171,16238,41,14,3952,4,14,0
1172,16427,41,14,3939,4,14,0
1173,16514,41,14,3930,4,14,0
1174,16289,41,14,3917,4,14,0
1175,15527,41,14,3909,4,14,0
1176,14857,41,14,3899,4,14,0
1177,15126,41,14,3890,4,14,0
1178,15020,41,14,3881,4,14,0
1179,14878,41,14,3877,4,14,0
1180,14289,41,14,3944,4,14,0
1181,14030,41,14,3931,4,14,0
1182,14641,41,14,3921,4,14,0
1183,14679,41,14,3911,4,14,0
1184,14874,41,14,3899,4,14,0
1185,14752,41,14,3888,4,14,0
1186,15079,41,14,3880,4,14,0
1187,14987,41,14,3870,4,14,0
1188,15206,41,14,3861,4,14,0
1189,15389,41,14,3851,4,14,0
1190,15659,41,14,3924,4,14,0
1191,15665,41,14,3912,4,14,0
1192,15258,41,14,3903,4,14,0
1193,14745,41,14,3895,4,14,0
1194,14680,41,14,3884,4,14,0
1195,14754,41,14,3876,4,14,0
1196,14839,41,14,3865,4,14,0
1197,14838,41,14,3853,4,14,0
1198,14631,41,14,3847,4,14,0
1199,14551,41,14,3837,4,14,0
1200,14546,41,14,3910,4,14,0
1201,14541,27,13,3901,4,14,0
1202,14188,27,13,3892,4,14,0
1203,13991,26,13,3885,4,14,0
1204,13854,26,13,3877,4,14,0
1205,14261,26,13,3867,4,14,0
1206,14420,26,13,3856,4,14,0
1207,14546,26,13,3847,4,14,0
1208,14214,25,13,3838,4,14,0
1209,14186,25,13,3830,4,14,0
1210,14391,25,13,3900,4,14,0
1211,14613,25,13,3894,4,14,0
1212,14545,25,13,3888,4,14,0
1213,14425,25,13,3881,4,14,0
1214,14532,25,13,3873,4,14,0
1215,14451,25,13,3868,4,14,0
1216,14750,25,13,3859,4,14,0
1217,13786,25,13,3853,4,14,0
1218,13489,25,13,3847,4,14,0
1219,12951,25,13,3841,4,14,0
1220,12778,24,13,3918,4,14,0
1221,12605,24,13,3911,4,14,0
1222,12810,24,13,3903,4,14,0
1223,12665,24,13,3892,4,14,0
1224,12374,24,13,3885,4,14,0
1225,12307,24,13,3877,4,14,0
1226,12145,24,13,3871,4,14,0
1227,12131,24,13,3862,4,14,0
1228,12105,24,13,3850,4,14,0
1229,12001,24,13,3847,4,14,0
1230,12374,24,13,3923,4,14,0
1231,12027,24,13,3913,4,14,0
1232,11957,24,13,3904,4,14,0
1233,11973,24,13,3895,4,14,0
1234,12218,23,13,3888,4,14,0
1235,12000,23,13,3881,4,14,0
1236,12124,22,13,3875,4,14,0
1237,12516,22,13,3866,4,14,0
1238,12538,22,13,3858,4,14,0
1239,12826,22,13,3850,4,14,0
1240,13203,22,13,3925,4,14,0
1241,13360,22,13,3918,4,14,0
1242,13779,22,13,3910,4,14,0
1243,13864,22,13,3905,4,14,0
1244,13596,22,13,3899,4,14,0
1245,13200,22,13,3893,4,14,0
1246,13413,22,13,3887,4,14,0
1247,13298,22,13,3882,4,14,0
1248,13370,22,13,3879,4,14,0
1249,13445,22,13,3875,4,14,0
1250,13497,22,13,3952,4,14,0
1251,13674,22,13,3944,4,14,0
1252,13675,22,13,3934,4,14,0
1253,13492,22,13,3925,4,14,0
1254,13494,22,13,3915,4,14,0
1255,13605,22,13,3904,4,14,0
1256,12864,21,13,3899,4,14,0
1257,12291,21,13,3891,4,14,0
1258,12046,21,13,3883,4,14,0
1259,12134,21,13,3878,4,14,0
1260,12145,21,13,3949,4,14,0
1261,12546,21,13,3939,4,14,0
1262,12266,21,13,3931,4,14,0
1263,11929,21,13,3919,4,14,0
1264,11995,20,13,3913,4,14,0
1265,12322,20,13,3906,4,14,0
1266,11706,20,13,3900,4,14,0
1267,11956,20,13,3894,4,14,0
1268,11856,20,13,3889,4,14,0
1269,11746,20,13,3881,4,14,0
1270,11757,20,13,3957,4,14,0
1271,11949,19,13,3950,4,14,0
1272,12076,19,13,3944,4,14,0
1273,12138,19,13,3940,4,14,0
1274,12053,19,13,3932,4,14,0
1275,12141,19,13,3926,4,14,0
1276,12470,19,13,3921,4,14,0
1277,12700,19,13,3918,4,14,0
1278,12800,19,13,3911,4,14,0
1279,13148,19,13,3909,4,14,0
1280,13394,19,13,3984,4,14,0
1281,13279,19,13,3978,4,14,0
1282,13335,19,13,3971,4,14,0
1283,12746,19,13,3968,4,14,0
1284,12550,19,13,3963,4,14,0
1285,12218,19,13,3961,4,14,0
1286,11783,19,13,3957,4,14,0
1287,11409,19,13,3953,4,14,0
1288,10700,19,13,3950,4,14,0
1289,10874,19,13,3947,4,14,0
1290,10956,19,13,4021,4,14,0
1291,11108,19,13,4015,4,14,0
1292,11241,19,13,4007,4,14,0
1293,11274,19,13,3999,4,14,0
1294,11403,19,13,3994,4,14,0
1295,11415,18,13,3990,4,14,0
1296,11144,18,13,3984,4,14,0
1297,10985,18,13,3978,4,14,0
1298,11073,18,13,3973,4,14,0
1299,11413,18,13,3968,4,14,0
1300,11651,17,13,4045,4,14,0
1301,11499,16,13,4041,4,14,0
1302,11344,16,13,4037,4,14,0
1303,11335,16,13,4032,4,14,0
1304,11637,16,13,4028,4,14,0
1305,11614,16,13,4023,4,14,0
1306,11556,16,13,4023,4,14,0
1307,11714,16,13,4019,4,14,0
1308,11136,16,13,4015,4,14,0
1309,11300,16,13,4013,4,14,0
1310,11558,16,13,4086,4,14,0
1311,11132,16,13,4082,4,14,0
1312,11340,16,13,4077,4,14,0
1313,10953,16,13,4074,4,14,0
1314,10642,16,13,4070,4,14,0
1315,10576,16,13,4066,4,14,0
1316,10721,16,13,4065,4,14,0
1317,10726,16,13,4061,4,14,0
1318,10802,16,13,4055,4,14,0
1319,10871,16,13,4051,4,14,0
1320,10818,16,13,4127,4,14,0
1321,10547,16,13,4123,4,14,0
1322,10263,16,13,4118,4,14,0
1323,10396,16,13,4115,4,14,0
1324,10406,16,13,4108,4,14,0
1325,10311,16,13,4106,4,14,0
1326,10453,16,13,4101,4,14,0
1327,10782,16,13,4096,4,14,0
1328,10593,16,13,4092,4,14,0
1329,10594,16,13,4085,4,14,0
1330,10590,15,13,4161,4,14,0
1331,10393,15,13,4155,4,14,0
1332,10281,15,13,4150,4,14,0
1333,10106,15,13,4146,4,14,0
1334,10193,15,13,4140,4,14,0
1335,10399,15,13,4137,4,14,0
1336,10408,15,13,4131,4,14,0
1337,10602,15,13,4126,4,14,0
1338,10606,15,13,4122,4,14,0
1339,10738,15,13,4118,4,14,0
1340,11020,15,13,4191,4,14,0
1341,11016,15,13,4185,4,14,0
1342,11079,15,13,4180,4,14,0
1343,11508,14,13,4175,4,14,0
1344,11304,14,13,4171,4,14,0
1345,11504,14,13,4168,4,14,0
1346,11250,14,13,4164,4,14,0
1347,11177,14,13,4158,4,14,0
1348,10885,14,13,4153,4,14,0
1349,10628,14,13,4149,4,14,0
1350,10697,14,13,4225,4,14,0
1351,10660,14,13,4221,4,14,0
1352,11041,14,13,4216,4,14,0
1353,11020,14,13,4209,4,14,0
1354,11335,14,13,4207,4,14,0
1355,10870,14,13,4204,4,14,0
1356,10773,14,13,4199,4,14,0
1357,10881,14,13,4193,4,14,0
1358,11232,14,13,4187,4,14,0
1359,11485,14,13,4183,4,14,0
1360,11413,14,13,4258,4,14,0
1361,11134,14,13,4253,4,14,0
1362,11252,14,13,4245,4,14,0
1363,11336,14,13,4237,4,14,0
1364,11221,61,13,4231,4,14,0
1365,11053,61,13,4226,4,14,0
1366,11126,60,13,4222,4,14,0
1367,11334,60,13,4219,4,14,0
1368,11316,60,13,4216,4,14,0
1369,11678,60,13,4212,4,14,0
1370,11988,60,13,4290,4,14,0
1371,12700,60,13,4286,4,14,0
1372,13085,60,13,4264,4,14,0
1373,13564,60,13,4244,4,14,0
1374,14022,60,13,4229,4,14,0
1375,14387,59,13,4218,4,14,0
1376,14714,59,13,4203,4,14,0
1377,15249,59,13,4191,4,14,0
1378,15499,59,13,4180,4,14,0
1379,16064,59,13,4172,4,14,0
1380,16572,59,13,4238,4,14,0
1381,17377,59,13,4223,4,14,0
1382,18238,59,13,4209,4,14,0
1383,19146,59,13,4199,4,14,0
1384,19568,59,13,4183,4,14,0
1385,19680,59,13,4173,4,14,0
1386,20080,59,13,4158,4,14,0
1387,20220,59,13,4141,4,14,0
1388,20090,59,13,4128,4,14,0
1389,19302,59,13,4118,4,14,0
1390,18549,59,13,4184,4,14,0
1391,17643,59,13,4171,4,14,0
1392,17123,59,13,4153,4,14,0
1393,16969,59,13,4135,4,14,0
1394,15882,59,13,4122,4,14,0
1395,15422,59,13,4115,4,14,0
1396,15194,59,13,4108,4,14,0
1397,15275,59,13,4094,4,14,0
1398,15502,59,13,4087,4,14,0
1399,15306,59,13,4077,4,14,0
1400,15668,59,13,4147,4,14,0
1401,15605,24,13,4134,4,14,0
1402,15836,24,13,4127,4,14,0
1403,16108,23,13,4120,4,14,0
1404,16097,23,13,4116,4,14,0
1405,15974,23,13,4111,4,14,0
1406,15612,22,13,4105,4,14,0
1407,15379,22,13,4095,4,14,0
1408,15519,22,13,4085,4,14,0
1409,15586,22,13,4080,4,14,0
1410,15981,22,13,4156,4,14,0
1411,16247,22,13,4149,4,14,0
1412,16004,22,13,4144,4,14,0
1413,15113,22,13,4137,4,14,0
1414,15267,22,13,4131,4,14,0
1415,15338,22,13,4126,4,14,0
1416,14971,22,13,4119,4,14,0
1417,14149,22,13,4116,4,14,0
1418,12979,22,13,4108,4,14,0
1419,12219,22,13,4103,4,14,0
1420,11675,22,13,4178,4,14,0
1421,11791,22,13,4172,4,14,0
1422,11776,22,13,4162,4,14,0
1423,11342,22,13,4155,4,14,0
1424,11052,22,13,4150,4,14,0
1425,11089,22,13,4146,4,14,0
1426,11192,22,13,4141,4,14,0
1427,11467,22,13,4135,4,14,0
1428,11407,22,13,4130,4,14,0
1429,11381,22,13,4126,4,14,0
1430,11366,22,13,4201,4,14,0
1431,11555,21,13,4194,4,14,0
1432,11399,21,13,4186,4,14,0
1433,11329,21,13,4181,4,14,0
1434,11372,21,13,4175,4,14,0
1435,11523,21,13,4168,4,14,0
1436,12026,21,13,4160,4,14,0
1437,11954,21,13,4155,4,14,0
1438,11990,21,13,4147,4,14,0
1439,11946,21,13,4144,4,14,0
1440,12151,21,13,4217,4,14,0
1441,12631,21,13,4208,4,14,0
1442,12560,21,13,4201,4,14,0
1443,12589,21,13,4193,4,14,0
1444,12624,21,13,4187,4,14,0
1445,12525,21,13,4178,4,14,0
1446,11943,21,13,4174,4,14,0
1447,11734,21,13,4167,4,14,0
1448,11878,21,13,4161,4,14,0
1449,12046,21,13,4153,4,14,0
1450,12045,20,13,4228,4,14,0
1451,11851,20,13,4221,4,14,0
1452,11753,20,13,4214,4,14,0
1453,11872,20,13,4201,4,14,0
1454,12034,20,13,4198,4,14,0
1455,12152,20,13,4189,4,14,0
1456,12365,20,13,4187,4,14,0
1457,12607,20,13,4181,4,14,0
1458,13095,20,13,4174,4,14,0
1459,13170,20,13,4168,4,14,0
1460,13264,20,13,4242,4,14,0
1461,13286,20,13,4237,4,14,0
1462,13089,20,13,4232,4,14,0
1463,12588,20,13,4226,4,14,0
1464,12450,20,13,4217,4,14,0
1465,12563,20,13,4209,4,14,0
1466,12118,20,13,4200,4,14,0
1467,11474,20,13,4195,4,14,0
1468,11309,20,13,4188,4,14,0
1469,11390,20,13,4185,4,14,0
1470,11806,20,13,4255,4,14,0
1471,11871,20,13,4247,4,14,0
1472,11711,20,13,4239,4,14,0
1473,11559,20,13,4236,4,14,0
1474,11750,20,13,4226,4,14,0
1475,11926,19,13,4219,4,14,0
1476,11702,19,13,4215,4,14,0
1477,11610,19,13,4206,4,14,0
1478,11840,19,13,4200,4,14,0
1479,12028,19,13,4193,4,14,0
1480,12254,19,13,4264,4,14,0
1481,12449,19,13,4258,4,14,0
1482,12362,19,13,4251,4,14,0
1483,12202,19,13,4245,4,14,0
1484,12613,19,13,4240,4,14,0
1485,12001,19,13,4235,4,14,0
1486,11747,19,13,4226,4,14,0
1487,12069,19,13,4221,4,14,0
1488,12587,19,13,4214,4,14,0
1489,11937,19,13,4208,4,14,0
1490,11673,19,13,4282,4,14,0
1491,11879,18,13,4275,4,14,0
1492,11951,18,13,4270,4,14,0
1493,11966,18,13,4263,4,14,0
1494,11896,18,13,4253,4,14,0
1495,11973,18,13,4250,4,14,0
1496,11567,18,13,4243,4,14,0
1497,11666,18,13,4232,4,14,0
1498,11975,18,13,4228,4,14,0
1499,12427,18,13,4213,4,14,0
1500,12541,18,13,4286,4,14,0
1501,12679,16,13,4280,4,14,0
1502,12620,16,13,4272,4,14,0
1503,12078,16,13,4268,4,14,0
1504,11755,16,13,4261,4,14,0
1505,11796,16,13,4256,4,14,0
1506,11763,15,13,4248,4,14,0
1507,11824,15,13,4241,4,14,0
1508,11653,15,13,4234,4,14,0
1509,11685,15,13,4227,4,14,0
1510,11572,15,13,4303,4,14,0
1511,11385,15,13,4297,4,14,0
1512,11211,15,13,4290,4,14,0
1513,11352,15,13,4283,4,14,0
1514,11140,15,13,4277,4,14,0
1515,10810,15,13,4269,4,14,0
1516,10577,15,13,4264,4,14,0
1517,10564,15,13,4258,4,14,0
1518,10332,15,13,4249,4,14,0
1519,10783,15,13,4242,4,14,0
1520,10853,15,13,4316,4,14,0
1521,10604,15,13,4307,4,14,0
1522,10377,15,13,4302,4,14,0
1523,10033,15,13,4293,4,14,0
1524,10050,15,13,4284,4,14,0
1525,10129,15,13,4276,4,14,0
1526,10058,15,13,4269,4,14,0
1527,9933,15,13,4263,4,14,0
1528,9987,15,13,4257,4,14,0
1529,9925,15,13,4252,4,14,0
1530,10218,15,13,4326,4,14,0
1531,9890,15,13,4319,4,14,0
1532,10022,15,13,4312,4,14,0
1533,10160,15,13,4305,4,14,0
1534,10432,15,13,4299,4,14,0
1535,10443,14,13,4295,4,14,0
1536,10727,14,13,4289,4,14,0
1537,11250,13,13,4286,4,14,0
1538,11276,13,13,4282,4,14,0
1539,11564,13,13,4280,4,14,0
1540,11691,13,13,4355,4,14,0
1541,12030,13,13,4351,4,14,0
1542,12099,13,13,4347,4,14,0
1543,12276,13,13,4341,4,14,0
1544,12359,13,13,4336,4,14,0
1545,11901,13,13,4332,4,14,0
1546,11405,13,13,4329,4,14,0
1547,11632,13,13,4327,4,14,0
1548,11742,13,13,4322,4,14,0
1549,11710,13,13,4317,4,14,0
1550,11762,13,13,4393,4,14,0
1551,11421,13,13,4388,4,14,0
1552,11611,13,13,4382,4,14,0
1553,11800,13,13,4379,4,14,0
1554,11641,13,13,4373,4,14,0
1555,11802,13,13,4369,4,14,0
1556,11699,13,13,4365,4,14,0
1557,11681,13,13,4359,4,14,0
1558,11736,13,13,4357,4,14,0
1559,11656,13,13,4350,4,14,0
1560,11969,12,13,4423,4,14,0
1561,12204,12,13,4419,4,14,0
1562,12513,12,13,4412,4,14,0
1563,12818,12,13,4409,4,14,0
1564,12751,12,13,4405,4,14,0
1565,13019,12,13,4402,4,14,0
1566,13184,12,13,4397,4,14,0
1567,13097,12,13,4394,4,14,0
1568,12573,12,13,4391,4,14,0
1569,11458,12,13,4388,4,14,0
1570,10931,12,13,4464,4,14,0
1571,11363,12,13,4461,4,14,0
1572,10984,12,13,4458,4,14,0
1573,10166,12,13,4456,4,14,0
1574,9822,12,13,4452,4,14,0
1575,9592,12,13,4447,4,14,0
1576,9344,12,13,4443,4,14,0
1577,9458,12,13,4439,4,14,0
1578,9496,12,13,4436,4,14,0
1579,9666,12,13,4432,4,14,0
1580,9904,12,13,4507,4,14,0
1581,10177,12,13,4504,4,14,0
1582,9651,12,13,4499,4,14,0
1583,9413,12,13,4492,4,14,0
1584,9012,12,13,4486,4,14,0
1585,9187,12,13,4481,4,14,0
1586,9220,12,13,4478,4,14,0
1587,9150,12,13,4474,4,14,0
1588,9248,12,13,4468,4,14,0
1589,9411,12,13,4465,4,14,0
1590,9782,11,13,4543,4,14,0
1591,10034,11,13,4538,4,14,0
1592,10176,10,13,4536,4,14,0
1593,9447,10,13,4532,4,14,0
1594,9414,10,13,4528,4,14,0
1595,9273,10,13,4525,4,14,0
1596,9311,10,13,4523,4,14,0
1597,9261,10,13,4519,4,14,0
1598,9377,10,13,4518,4,14,0
1599,9450,10,13,4515,4,14,0
1600,9627,10,13,4592,4,14,0
1601,9517,9,13,4588,4,14,0
1602,9341,9,13,4585,4,14,0
1603,9118,9,13,4582,4,14,0
1604,8996,9,13,4580,4,14,0
1605,8872,9,13,4576,4,14,0
1606,8923,9,13,4573,4,14,0
1607,8882,9,13,4570,4,14,0
1608,8805,9,13,4565,4,14,0
1609,8767,9,13,4561,4,14,0
1610,8999,9,13,4638,4,14,0
1611,9064,9,13,4633,4,14,0
1612,9135,9,13,4631,4,14,0
1613,9269,9,13,4625,4,14,0
1614,9396,9,13,4620,4,14,0
1615,9151,9,13,4617,4,14,0
1616,9288,9,13,4612,4,14,0
1617,9381,9,13,4608,4,14,0
1618,9393,9,13,4606,4,14,0
1619,9432,9,13,4603,4,14,0
1620,9467,9,13,4682,4,14,0
1621,9546,9,13,4679,4,14,0
1622,9520,9,13,4674,4,14,0
1623,9420,9,13,4673,4,14,0
1624,9571,9,13,4670,4,14,0
1625,9687,9,13,4668,4,14,0
1626,9429,9,13,4665,4,14,0
1627,9375,9,13,4661,4,14,0
1628,9467,9,13,4659,4,14,0
1629,9583,9,13,4656,4,14,0
1630,9820,9,13,4734,4,14,0
1631,10031,9,13,4732,4,14,0
1632,10225,9,13,4730,4,14,0
1633,9904,9,13,4726,4,14,0
1634,9888,9,13,4723,4,14,0
1635,9687,8,13,4720,4,14,0
1636,9443,8,13,4717,4,14,0
1637,9215,8,13,4713,4,14,0
1638,9175,8,13,4710,4,14,0
1639,9346,8,13,4705,4,14,0
1640,9469,8,13,4781,4,14,0
1641,9792,8,13,4779,4,14,0
1642,9858,8,13,4773,4,14,0
1643,9973,8,13,4769,4,14,0
1644,10063,8,13,4766,4,14,0
1645,10183,8,13,4762,4,14,0
1646,10225,8,13,4760,4,14,0
1647,10322,8,13,4756,4,14,0
1648,10543,8,13,4754,4,14,0
1649,10560,8,13,4750,4,14,0
1650,10624,8,13,4829,4,14,0
1651,10420,8,13,4824,4,14,0
1652,10345,8,13,4821,4,14,0
1653,10482,8,13,4818,4,14,0
1654,10482,8,13,4816,4,14,0
1655,10356,8,13,4813,4,14,0
1656,10441,8,13,4808,4,14,0
1657,10532,8,13,4805,4,14,0
1658,10158,8,13,4800,4,14,0
1659,10077,8,13,4796,4,14,0
1660,9974,8,13,4869,4,14,0
1661,9796,8,13,4866,4,14,0
1662,9823,8,13,4862,4,14,0
1663,9653,8,13,4860,4,14,0
1664,9636,8,13,4859,4,14,0
1665,9258,8,13,4856,4,14,0
1666,9506,8,13,4853,4,14,0
1667,9562,8,13,4850,4,14,0
1668,9708,8,13,4846,4,14,0
1669,9470,8,13,4842,4,14,0
1670,9261,8,13,4920,4,14,0
1671,9370,8,13,4917,4,14,0
1672,9012,8,13,4913,4,14,0
1673,9058,8,13,4910,4,14,0
1674,9074,8,13,4907,4,14,0
1675,8794,8,13,4903,4,14,0
1676,8642,8,13,4902,4,14,0
1677,8713,8,13,4898,4,14,0
1678,8683,8,13,4898,4,14,0
1679,8708,8,13,4896,4,14,0
1680,8934,8,13,4974,4,14,0
1681,8956,8,13,4971,4,14,0
1682,8974,8,13,4970,4,14,0
1683,9103,8,13,4966,4,14,0
1684,8541,8,13,4963,4,14,0
1685,8361,8,13,4960,4,14,0
1686,8441,8,13,4958,4,14,0
1687,8740,8,13,4954,4,14,0
1688,8861,8,13,4953,4,14,0
1689,8817,8,13,4950,4,14,0
1690,9111,7,13,5027,4,14,0
1691,9187,7,13,5025,4,14,0
1692,8993,7,13,5023,4,14,0
1693,8847,7,13,5022,4,14,0
1694,8582,7,13,5019,4,14,0
1695,8640,7,13,5016,4,14,0
1696,8590,7,13,5012,4,14,0
1697,8836,7,13,5009,4,14,0
1698,8898,7,13,5005,4,14,0
1699,9189,7,13,5002,4,14,0
1700,9317,7,13,5077,4,14,0
1701,9123,7,12,5073,4,14,0
1702,9204,7,12,5070,4,14,0
1703,9118,7,12,5067,4,14,0
1704,9106,7,12,5064,4,14,0
1705,9069,57,12,5060,4,14,0
1706,9172,57,12,5056,4,14,0
1707,9233,57,12,5053,4,14,0
1708,9501,57,12,5050,4,14,0
1709,9708,57,12,5045,4,14,0
1710,10272,57,12,5122,4,14,0
1711,10915,57,12,5118,4,14,0
1712,11662,57,12,5112,4,14,0
1713,12165,57,12,5088,4,14,0
1714,12531,57,12,5066,4,14,0
1715,13128,57,12,5051,4,14,0
1716,13876,57,12,5034,4,14,0
1717,14471,57,12,5009,4,14,0
1718,15366,57,12,4985,4,14,0
1719,16241,57,12,4968,4,14,0
1720,17183,57,12,5028,4,14,0
1721,17641,57,12,5011,4,14,0
1722,18201,57,12,4990,4,14,0
1723,18826,57,12,4977,4,14,0
1724,19497,57,12,4963,4,14,0
1725,20111,57,12,4947,4,14,0
1726,20763,57,12,4926,4,14,0
1727,21168,56,12,4911,4,14,0
1728,21748,56,12,4895,4,14,0
1729,21772,56,12,4874,4,14,0
1730,21594,56,12,4935,4,14,0
1731,20553,56,12,4921,4,14,0
1732,17675,56,12,4906,4,14,0
1733,16302,56,12,4890,4,14,0
1734,15416,56,12,4875,4,14,0
1735,14401,56,12,4861,4,14,0
1736,13887,56,12,4849,4,14,0
1737,13778,56,12,4833,4,14,0
1738,13667,56,12,4820,4,14,0
1739,13997,56,12,4806,4,14,0
1740,14138,56,12,4869,4,14,0
1741,14433,56,12,4848,4,14,0
1742,14714,56,12,4829,4,14,0
1743,15016,56,12,4816,4,14,0
1744,15500,56,12,4803,4,14,0
1745,16044,56,12,4787,4,14,0
1746,16352,56,12,4771,4,14,0
1747,16500,56,12,4755,4,14,0
1748,16363,56,12,4739,4,14,0
1749,17025,56,12,4722,4,14,0
1750,17582,56,12,4788,4,14,0
1751,18014,56,12,4768,4,14,0
1752,18289,56,12,4751,4,14,0
1753,18357,56,12,4731,4,14,0
1754,18753,56,12,4721,4,14,0
1755,18943,55,12,4708,4,14,0
1756,18974,55,12,4700,4,14,0
1757,19257,55,12,4685,4,14,0
1758,19920,55,12,4670,4,14,0
1759,19932,55,12,4661,4,14,0
1760,19834,55,12,4727,4,14,0
1761,19692,55,12,4711,4,14,0
1762,19398,55,12,4696,4,14,0
1763,19190,55,12,4683,4,14,0
1764,18583,55,12,4669,4,14,0
1765,18006,55,12,4650,4,14,0
1766,17468,55,12,4641,4,14,0
1767,17280,55,12,4626,4,14,0
1768,17087,55,12,4610,4,14,0
1769,16826,55,12,4595,4,14,0
1770,16862,55,12,4662,4,14,0
1771,16630,55,12,4652,4,14,0
1772,16168,55,12,4642,4,14,0
1773,16425,55,12,4628,4,14,0
1774,16719,55,12,4615,4,14,0
1775,16762,55,12,4603,4,14,0
1776,16328,55,12,4591,4,14,0
1777,15935,55,12,4578,4,14,0
1778,16083,55,12,4567,4,14,0
1779,16376,55,12,4555,4,14,0
1780,16665,55,12,4619,4,14,0
1781,16539,55,12,4606,4,14,0
1782,16853,55,12,4588,4,14,0
1783,16934,55,12,4575,4,14,0
1784,17397,55,12,4559,4,14,0
1785,16933,55,12,4543,4,14,0
1786,16631,55,12,4532,4,14,0
1787,16697,55,12,4517,4,14,0
1788,16753,55,12,4506,4,14,0
1789,16381,55,12,4497,4,14,0
1790,16414,55,12,4566,4,14,0
1791,16421,55,12,4552,4,14,0
1792,16662,55,12,4536,4,14,0
1793,16439,55,12,4528,4,14,0
1794,16619,55,12,4517,4,14,0
1795,16475,55,12,4510,4,14,0
1796,16001,55,12,4500,4,14,0
1797,15767,55,12,4489,4,14,0
1798,15907,55,12,4479,4,14,0
1799,16238,55,12,4472,4,14,0
1800,15871,55,12,4542,4,14,0
1801,16030,42,12,4530,4,14,0
1802,16008,42,12,4522,4,14,0
1803,15646,42,12,4515,4,14,0
1804,15481,42,12,4502,4,14,0
1805,15072,42,12,4492,4,14,0
1806,15037,42,12,4481,4,14,0
1807,15048,42,12,4471,4,14,0
1808,15364,42,12,4462,4,14,0
1809,15294,42,12,4455,4,14,0
1810,15243,42,12,4526,4,14,0
1811,15160,42,12,4519,4,14,0
1812,15329,41,12,4510,4,14,0
1813,15573,41,12,4501,4,14,0
1814,15683,41,12,4492,4,14,0
1815,16229,41,12,4482,4,14,0
1816,16519,41,12,4476,4,14,0
1817,16280,41,12,4465,4,14,0
1818,15480,41,12,4457,4,14,0
1819,15327,41,12,4448,4,14,0
1820,15392,41,12,4520,4,14,0
1821,15822,41,12,4508,4,14,0
1822,15807,41,12,4496,4,14,0
1823,15906,41,12,4485,4,14,0
1824,15956,41,12,4476,4,14,0
1825,15643,41,12,4470,4,14,0
1826,15725,41,12,4460,4,14,0
1827,15219,41,12,4452,4,14,0
1828,14517,41,12,4441,4,14,0
1829,14324,41,12,4433,4,14,0
1830,14088,41,12,4506,4,14,0
1831,14193,41,12,4496,4,14,0
1832,14062,41,12,4486,4,14,0
1833,13876,41,12,4475,4,14,0
1834,14021,41,12,4470,4,14,0
1835,13927,41,12,4460,4,14,0
1836,13999,41,12,4453,4,14,0
1837,13922,41,12,4445,4,14,0
1838,14149,41,12,4435,4,14,0
1839,14322,41,12,4425,4,14,0
1840,14344,41,12,4495,4,14,0
1841,14669,41,12,4485,4,14,0
1842,14732,41,12,4469,4,14,0
1843,14883,41,12,4460,4,14,0
1844,14740,41,12,4448,4,14,0
1845,14995,41,12,4434,4,14,0
1846,14989,41,12,4418,4,14,0
1847,14996,41,12,4407,4,14,0
1848,15282,41,12,4393,4,14,0
1849,15990,41,12,4381,4,14,0
1850,16363,41,12,4446,4,14,0
1851,17030,40,12,4428,4,14,0
1852,17002,40,12,4416,4,14,0
1853,17042,40,12,4400,4,14,0
1854,16832,40,12,4384,4,14,0
1855,16273,40,12,4365,4,14,0
1856,16081,40,12,4351,4,14,0
1857,16168,40,12,4334,4,14,0
1858,16541,40,12,4320,4,14,0
1859,16635,40,12,4306,4,14,0
1860,16475,40,12,4369,4,14,0
1861,16503,40,12,4358,4,14,0
1862,16331,40,12,4341,4,14,0
1863,15921,40,12,4327,4,14,0
1864,15329,40,12,4315,4,14,0
1865,14953,40,12,4305,4,14,0
1866,14981,40,12,4295,4,14,0
1867,14838,40,12,4285,4,14,0
1868,15104,40,12,4275,4,14,0
1869,14721,40,12,4266,4,14,0
1870,14862,40,12,4337,4,14,0
1871,14512,40,12,4323,4,14,0
1872,14347,40,12,4310,4,14,0
1873,14300,40,12,4297,4,14,0
1874,13802,40,12,4285,4,14,0
1875,13782,40,12,4274,4,14,0
1876,13677,40,12,4261,4,14,0
1877,13688,40,12,4249,4,14,0
1878,14067,40,12,4240,4,14,0
1879,14438,40,12,4225,4,14,0
1880,14617,40,12,4293,4,14,0
1881,14667,40,12,4280,4,14,0
1882,14266,40,12,4264,4,14,0
1883,14311,40,12,4251,4,14,0
1884,14072,40,12,4241,4,14,0
1885,14173,40,12,4232,4,14,0
1886,14177,40,12,4224,4,14,0
1887,14413,40,12,4214,4,14,0
1888,14853,40,12,4201,4,14,0
1889,14607,40,12,4190,4,14,0
1890,15199,40,12,4257,4,14,0
1891,15287,40,12,4248,4,14,0
1892,15336,40,12,4231,4,14,0
1893,15636,40,12,4219,4,14,0
1894,15636,40,12,4209,4,14,0
1895,15633,40,12,4195,4,14,0
1896,15725,40,12,4183,4,14,0
1897,15151,40,12,4174,4,14,0
1898,14336,40,12,4155,4,14,0
1899,14358,40,12,4146,4,14,0
1900,14205,40,12,4212,4,14,0
1901,13868,25,8,4201,4,14,0
1902,13663,25,8,4191,4,14,0
1903,13769,25,8,4181,4,14,0
1904,13539,25,8,4171,4,14,0
1905,13846,25,8,4161,4,14,0
1906,14032,25,8,4150,4,14,0
1907,13836,25,8,4137,4,14,0
1908,13952,25,8,4126,4,14,0
1909,13630,25,8,4114,4,14,0
1910,13447,25,8,4183,4,14,0
1911,14208,25,8,4174,4,14,0
1912,14046,25,8,4158,4,14,0
1913,13682,25,8,4145,4,14,0
1914,13477,24,8,4131,4,14,0
1915,13498,24,8,4117,4,14,0
1916,13637,24,8,4107,4,14,0
1917,13529,24,8,4092,4,14,0
1918,13404,24,8,4084,4,14,0
1919,13563,24,8,4072,4,14,0
1920,13157,24,8,4142,4,14,0
1921,12766,24,8,4130,4,14,0
1922,12510,24,8,4121,4,14,0
1923,12676,24,8,4111,4,14,0
1924,12183,24,8,4103,4,14,0
1925,11764,24,8,4096,4,14,0
1926,11521,24,8,4091,4,14,0
1927,11526,24,8,4085,4,14,0
1928,11722,24,8,4079,4,14,0
1929,11884,24,8,4070,4,14,0
1930,11874,24,8,4141,4,14,0
1931,11974,24,8,4131,4,14,0
1932,11801,24,8,4121,4,14,0
1933,11761,24,8,4115,4,14,0
1934,11522,24,8,4107,4,14,0
1935,11403,24,8,4101,4,14,0
1936,11206,24,8,4093,4,14,0
1937,11132,24,8,4082,4,14,0
1938,11088,24,8,4073,4,14,0
1939,11043,24,8,4064,4,14,0
1940,11357,24,8,4136,4,14,0
1941,11665,24,8,4124,4,14,0
1942,11984,24,8,4113,4,14,0
1943,12556,24,8,4103,4,14,0
1944,12535,24,8,4092,4,14,0
1945,12523,24,8,4083,4,14,0
1946,12528,24,8,4074,4,14,0
1947,12577,24,8,4064,4,14,0
1948,12764,24,8,4054,4,14,0
1949,12794,24,8,4041,4,14,0
1950,13003,24,8,4112,4,14,0
1951,12864,24,8,4102,4,14,0
1952,13227,24,8,4089,4,14,0
1953,13188,24,8,4080,4,14,0
1954,12960,24,8,4072,4,14,0
1955,12625,24,8,4061,4,14,0
1956,12630,24,8,4054,4,14,0
1957,12806,24,8,4044,4,14,0
1958,13283,23,8,4038,4,14,0
1959,13259,23,8,4028,4,14,0
1960,13424,23,8,4101,4,14,0
1961,13791,23,8,4094,4,14,0
1962,13433,23,8,4084,4,14,0
1963,13135,23,8,4072,4,14,0
1964,12657,23,8,4065,4,14,0
1965,12498,23,8,4057,4,14,0
1966,12283,23,8,4045,4,14,0
1967,12098,23,8,4038,4,14,0
1968,11843,23,8,4031,4,14,0
1969,11535,23,8,4023,4,14,0
1970,11308,23,8,4098,4,14,0
1971,11350,23,8,4088,4,14,0
1972,11782,23,8,4081,4,14,0
1973,11839,23,8,4075,4,14,0
1974,12220,23,8,4064,4,14,0
1975,12361,23,8,4056,4,14,0
1976,12540,23,8,4045,4,14,0
1977,12527,23,8,4033,4,14,0
1978,12725,23,8,4026,4,14,0
1979,12720,23,8,4018,4,14,0
1980,12479,23,8,4088,4,14,0
1981,11455,23,8,4085,4,14,0
1982,10931,23,8,4073,4,14,0
1983,10681,23,8,4063,4,14,0
1984,10900,22,8,4052,4,14,0
1985,11131,22,8,4046,4,14,0
1986,11335,22,8,4040,4,14,0
1987,11483,22,8,4030,4,14,0
1988,11577,22,8,4026,4,14,0
1989,11623,22,8,4020,4,14,0
1990,11797,22,8,4094,4,14,0
1991,12141,22,8,4089,4,14,0
1992,12176,22,8,4080,4,14,0
1993,12097,22,8,4075,4,14,0
1994,12013,22,8,4068,4,14,0
1995,11134,22,8,4061,4,14,0
1996,10831,22,8,4056,4,14,0
1997,10436,22,8,4049,4,14,0
1998,10216,22,8,4040,4,14,0
1999,10388,22,8,4034,4,14,0
2000,10961,22,8,4107,4,14,50
2001,10882,19,1,4097,11,14,50
2002,10067,19,21,4093,11,14,50
2003,9497,19,21,4087,11,14,50
2004,9314,19,21,4080,11,14,50
2005,8954,19,21,4072,11,14,50
2006,8908,19,21,4061,11,14,50
2007,9348,19,21,4056,11,14,50
2008,9548,19,21,4048,11,14,50
2009,9635,19,21,4042,11,14,50
2010,10020,19,21,4112,11,14,50
2011,10334,19,21,4104,11,14,50
2012,10495,19,21,4097,11,14,50
2013,10941,19,21,4089,11,14,50
2014,11369,19,21,4080,11,14,50
2015,11455,19,21,4074,11,14,50
2016,11862,19,21,4067,11,14,50
2017,11897,19,21,4063,11,14,50
2018,11823,19,21,4056,11,14,50
2019,12021,19,21,4049,11,14,50
2020,12155,19,21,4122,11,14,50
2021,12382,19,21,4112,11,14,50
2022,12526,19,21,4105,11,14,50
2023,13099,19,21,4097,11,14,50
2024,13518,19,21,4087,11,14,50
2025,13645,19,21,4075,11,14,50
2026,13444,19,21,4065,11,14,50
2027,13318,19,21,4056,11,14,50
2028,13649,19,21,4047,11,14,50
2029,14146,19,21,4035,11,14,50
2030,14215,19,21,4105,11,14,50
2031,13625,19,21,4097,11,14,50
2032,12810,19,21,4085,11,14,50
2033,12611,19,21,4071,11,14,50
2034,12842,19,21,4063,11,14,50
2035,12855,19,21,4055,11,14,50
2036,12695,19,21,4043,11,14,50
2037,12379,19,21,4033,11,14,50
2038,11587,19,21,4023,11,14,50
2039,11169,19,21,4011,11,14,50
2040,11193,19,21,4078,11,14,50
2041,11278,19,21,4069,11,14,50
2042,11278,19,21,4061,11,14,50
2043,10855,19,21,4049,11,14,50
2044,10671,19,21,4042,11,14,50
2045,10705,19,21,4032,11,14,50
2046,10748,67,21,4024,11,14,50
2047,10783,67,21,4014,11,14,50
